model,precision@5,recall@5,ndcg@5,map@5,hit_rate@5,precision@10,recall@10,ndcg@10,map@10,hit_rate@10,precision@20,recall@20,ndcg@20,map@20,hit_rate@20,coverage
User-based CF,0.002355712603062426,0.004652532391048292,0.003225813771961787,0.0017700562753566287,0.011778563015312132,0.004358068315665489,0.01569820704096322,0.007951213612343582,0.00317347361664205,0.04240282685512368,0.004593639575971732,0.03565445809262063,0.014278448351385696,0.0045554562623678725,0.08833922261484099,0.9831932773109243
Item-based CF,0.00612485276796231,0.013707069007422362,0.010670384115002514,0.0070712509581767535,0.030624263839811542,0.004593639575971732,0.020386262082375154,0.013187037786432857,0.00799624207751416,0.043580683156654886,0.004240282685512368,0.04009572419466412,0.019063970016260944,0.009303357054200788,0.08244994110718493,1.2044817927170868
Matrix Factorization,0.008480565371024736,0.01988614055751865,0.01411050205227016,0.008630414867163984,0.04240282685512368,0.008480565371024736,0.03819339278703236,0.02145890332424593,0.01100891894514644,0.08362779740871613,0.009010600706713782,0.08402322059565877,0.035579770835484754,0.014384923356800606,0.1707891637220259,0.7310924369747899
SVD,0.008480565371024736,0.02038158804943257,0.012961162504558093,0.007474760222110045,0.04240282685512368,0.00800942285041225,0.03486080729896984,0.019040743322810083,0.00951602503323015,0.07773851590106007,0.0076560659599528855,0.06493820928449903,0.02856637796053623,0.011562034727319719,0.143698468786808,0.938375350140056
